"ts_code","name","open","close","high","low","pre_close","vol","trade_date"
"000001.SZ",平安银行,13.35,13.7,13.93,13.32,13.3,2081592.55,"20180102"
"000001.SZ",平安银行,13.73,13.33,13.86,13.2,13.7,2962498.38,"20180103"
"000001.SZ",平安银行,13.32,13.25,13.37,13.13,13.33,1854509.48,"20180104"
"000001.SZ",平安银行,13.21,13.3,13.35,13.15,13.25,1210312.72,"20180105"
"000001.SZ",平安银行,13.25,12.96,13.29,12.86,13.3,2158620.81,"20180108"
"000001.SZ",平安银行,12.96,13.08,13.2,12.92,12.96,1344345.09,"20180109"
"000001.SZ",平安银行,13.04,13.47,13.49,12.92,13.08,2403277.36,"20180110"
"000001.SZ",平安银行,13.41,13.4,13.59,13.27,13.47,1443877.81,"20180111"
"000001.SZ",平安银行,13.45,13.55,13.68,13.41,13.4,1353991.4,"20180112"
"000001.SZ",平安银行,13.51,14.2,14.33,13.5,13.55,3122394.48,"20180115"
"000001.SZ",平安银行,14.17,14.2,14.38,14.02,14.2,2444549,"20180116"
"000001.SZ",平安银行,14.33,14.23,14.8,14.2,14.2,2656294.01,"20180117"
"000001.SZ",平安银行,14.4,14.72,14.72,14.28,14.23,2148026.8,"20180118"
"000001.SZ",平安银行,14.8,14.8,15.13,14.68,14.72,2571146.69,"20180119"
"000001.SZ",平安银行,14.6,14.44,14.94,14.43,14.8,2073867.14,"20180122"
"000001.SZ",平安银行,14.36,14.65,14.9,14.33,14.44,2388791.7,"20180123"
"000001.SZ",平安银行,14.66,14.64,15.08,14.5,14.65,2591292.12,"20180124"
"000001.SZ",平安银行,14.45,14.2,14.47,14,14.64,2369984.59,"20180125"
"000001.SZ",平安银行,14.18,14.05,14.34,14.02,14.2,2032988.65,"20180126"
"000001.SZ",平安银行,14.05,13.74,14.25,13.6,14.05,2090546.68,"20180129"
"000001.SZ",平安银行,13.7,13.65,13.84,13.55,13.74,1094739.86,"20180130"
"000001.SZ",平安银行,13.6,14.05,14.05,13.53,13.65,1747729.14,"20180131"
"000001.SZ",平安银行,13.95,14.03,14.3,13.84,14.05,2005614.75,"20180201"
"000001.SZ",平安银行,13.91,14.05,14.1,13.63,14.03,1176512.71,"20180202"
"000001.SZ",平安银行,13.8,14.55,14.57,13.73,14.05,2331997.9,"20180205"
"000001.SZ",平安银行,14.23,14,14.33,13.93,14.55,2582872.04,"20180206"
"000001.SZ",平安银行,14.22,12.92,14.3,12.76,14,3345716.97,"20180207"
"000001.SZ",平安银行,12.83,12.54,12.92,12.53,12.92,2137815.06,"20180208"
"000001.SZ",平安银行,12.08,11.69,12.08,11.38,12.54,2824949.75,"20180209"
"000001.SZ",平安银行,11.78,11.72,11.84,11.56,11.69,1228782.44,"20180212"
"000001.SZ",平安银行,11.87,11.94,12.21,11.84,11.72,1298178.69,"20180213"
"000001.SZ",平安银行,11.96,12,12.03,11.76,11.94,864190.24,"20180214"
"000001.SZ",平安银行,12.25,12.46,12.53,12.25,12,1268406.07,"20180222"
"000001.SZ",平安银行,12.58,12.61,12.79,12.45,12.46,1013663.2,"20180223"
"000001.SZ",平安银行,12.77,12.63,12.85,12.45,12.61,1045758.74,"20180226"
"000001.SZ",平安银行,12.64,12.28,12.7,12.19,12.63,1285869.06,"20180227"
"000001.SZ",平安银行,12.1,12.05,12.19,11.93,12.28,1214145.59,"20180228"
"000001.SZ",平安银行,11.92,12.04,12.15,11.9,12.05,886957.18,"20180301"
"000001.SZ",平安银行,11.92,11.95,12.04,11.85,12.04,663124.16,"20180302"
"000001.SZ",平安银行,11.93,11.86,12.08,11.8,11.95,754183.13,"20180305"
"000001.SZ",平安银行,11.95,12.1,12.11,11.77,11.86,1150162.49,"20180306"
"000001.SZ",平安银行,12.15,12.05,12.34,12.04,12.1,1427570.32,"20180307"
"000001.SZ",平安银行,12.05,12.11,12.15,11.95,12.05,689755.03,"20180308"
"000001.SZ",平安银行,12.15,12.09,12.2,11.98,12.11,943876.97,"20180309"
"000001.SZ",平安银行,12.15,12.03,12.17,11.95,12.09,1268701.32,"20180312"
"000001.SZ",平安银行,12.04,12.02,12.22,12,12.03,1082267.32,"20180313"
"000001.SZ",平安银行,11.98,11.92,12,11.83,12.02,635594.13,"20180314"
"000001.SZ",平安银行,11.79,11.71,11.85,11.66,11.92,1155694.73,"20180315"
"000001.SZ",平安银行,11.72,11.64,11.85,11.64,11.71,962983.38,"20180316"
"000001.SZ",平安银行,11.66,11.83,11.84,11.61,11.64,808538.72,"20180319"
"000001.SZ",平安银行,11.74,11.82,11.88,11.72,11.83,776150.02,"20180320"
"000001.SZ",平安银行,11.95,11.9,12.12,11.85,11.82,1445109.51,"20180321"
"000001.SZ",平安银行,11.9,11.66,11.97,11.62,11.9,984278.42,"20180322"
"000001.SZ",平安银行,11.25,11.34,11.35,10.92,11.66,1825690.75,"20180323"
"000001.SZ",平安银行,11.15,10.93,11.2,10.86,11.34,1383598.51,"20180326"
"000001.SZ",平安银行,11.1,10.94,11.17,10.86,10.93,1103933.61,"20180327"
"000001.SZ",平安银行,10.85,10.89,11.14,10.79,10.94,1099023.39,"20180328"
"000001.SZ",平安银行,10.92,11.05,11.17,10.55,10.89,1330602.38,"20180329"
"000001.SZ",平安银行,11.04,10.9,11.05,10.88,11.05,752173.68,"20180330"
"000001.SZ",平安银行,10.87,10.71,10.99,10.7,10.9,1109316.43,"20180402"
"000001.SZ",平安银行,10.6,10.56,10.67,10.51,10.71,890745.65,"20180403"
"000001.SZ",平安银行,10.68,10.87,11.01,10.6,10.56,1602488.73,"20180404"
"000001.SZ",平安银行,10.8,11.02,11.1,10.73,10.87,1074795.76,"20180409"
"000001.SZ",平安银行,11.02,11.42,11.46,10.97,11.02,1390950.79,"20180410"
"000001.SZ",平安银行,11.39,11.83,11.92,11.38,11.42,2095970.45,"20180411"
"000001.SZ",平安银行,11.8,11.52,11.83,11.42,11.83,1173128.18,"20180412"
"000001.SZ",平安银行,11.64,11.57,11.79,11.45,11.52,1300255.97,"20180413"
"000001.SZ",平安银行,11.47,11.1,11.47,11.03,11.57,1427072.81,"20180416"
"000001.SZ",平安银行,11.12,11.21,11.45,11.11,11.1,1301891.72,"20180417"
"000001.SZ",平安银行,11.45,11.5,11.61,11.28,11.21,1475845.33,"20180418"
"000001.SZ",平安银行,11.52,11.47,11.69,11.42,11.5,849131.83,"20180419"
"000001.SZ",平安银行,11.51,11.35,11.58,11.2,11.47,958690.66,"20180420"
"000001.SZ",平安银行,11.3,11.57,11.61,11.26,11.35,1070289.35,"20180423"
"000001.SZ",平安银行,11.63,11.86,11.94,11.58,11.57,1461098.8,"20180424"
"000001.SZ",平安银行,11.76,11.68,11.81,11.63,11.86,730286.48,"20180425"
"000001.SZ",平安银行,11.66,11.42,11.69,11.31,11.68,874235.91,"20180426"
"000001.SZ",平安银行,11.49,10.85,11.51,10.63,11.42,2709795.68,"20180427"
"000001.SZ",平安银行,10.97,10.88,11.03,10.8,10.85,1190523.18,"20180502"
"000001.SZ",平安银行,10.86,10.75,10.88,10.57,10.88,1281355.57,"20180503"
"000001.SZ",平安银行,10.73,10.68,10.83,10.66,10.75,710509.52,"20180504"
"000001.SZ",平安银行,10.7,10.81,10.83,10.64,10.68,974309.67,"20180507"
"000001.SZ",平安银行,10.83,11.01,11.15,10.8,10.81,1373305.68,"20180508"
"000001.SZ",平安银行,10.98,10.97,11.03,10.88,11.01,627656.13,"20180509"
"000001.SZ",平安银行,11.03,11.01,11.09,10.91,10.97,552735.88,"20180510"
"000001.SZ",平安银行,11.04,11.01,11.13,10.96,11.01,772369.66,"20180511"
"000001.SZ",平安银行,11.09,11.18,11.23,11.03,11.01,1039297.16,"20180514"
"000001.SZ",平安银行,11.18,11.12,11.19,11.02,11.18,669261.44,"20180515"
"000001.SZ",平安银行,11.07,10.9,11.07,10.89,11.12,714362.08,"20180516"
"000001.SZ",平安银行,10.91,10.82,10.94,10.78,10.9,586494.38,"20180517"
"000001.SZ",平安银行,10.81,10.96,10.97,10.76,10.82,578384.77,"20180518"
"000001.SZ",平安银行,11.07,10.95,11.11,10.93,10.96,763533.57,"20180521"
"000001.SZ",平安银行,10.95,10.86,10.98,10.79,10.95,589871.85,"20180522"
"000001.SZ",平安银行,10.82,10.65,10.82,10.62,10.86,991016.29,"20180523"
"000001.SZ",平安银行,10.66,10.61,10.68,10.58,10.65,688152.02,"20180524"
"000001.SZ",平安银行,10.61,10.59,10.67,10.55,10.61,593335.67,"20180525"
"000001.SZ",平安银行,10.58,10.59,10.66,10.51,10.59,569400.92,"20180528"
"000001.SZ",平安银行,10.58,10.38,10.63,10.35,10.59,889494.97,"20180529"
"000001.SZ",平安银行,10.29,10.08,10.29,10.05,10.38,1124447.04,"20180530"
"000001.SZ",平安银行,10.11,10.18,10.19,10.02,10.08,987360.38,"20180531"
"000001.SZ",平安银行,10.15,10.19,10.29,10.07,10.18,597211.16,"20180601"
"000001.SZ",平安银行,10.23,10.27,10.31,10.15,10.19,593038.35,"20180604"
"000001.SZ",平安银行,10.29,10.26,10.3,10.11,10.27,656540.75,"20180605"
"000001.SZ",平安银行,10.25,10.14,10.26,10.1,10.26,712743.41,"20180606"
"000001.SZ",平安银行,10.2,10.37,10.46,10.18,10.14,1262638.2,"20180607"
"000001.SZ",平安银行,10.33,10.12,10.33,10.06,10.37,1099379.82,"20180608"
"000001.SZ",平安银行,10.06,10.04,10.13,10,10.12,721374.98,"20180611"
"000001.SZ",平安银行,10.03,10.06,10.08,9.95,10.04,913300.72,"20180612"
"000001.SZ",平安银行,10.04,9.95,10.06,9.95,10.06,530584.31,"20180613"
"000001.SZ",平安银行,9.95,10.07,10.15,9.92,9.95,866392.01,"20180614"
"000001.SZ",平安银行,10.08,10.17,10.29,10.06,10.07,1248707.88,"20180615"
"000001.SZ",平安银行,10.05,9.87,10.15,9.82,10.17,1565874.47,"20180619"
"000001.SZ",平安银行,9.87,9.91,9.95,9.76,9.87,763637.31,"20180620"
"000001.SZ",平安银行,9.93,9.86,10.04,9.86,9.91,840070.77,"20180621"
"000001.SZ",平安银行,9.8,9.85,9.87,9.77,9.86,657818.51,"20180622"
"000001.SZ",平安银行,9.91,9.46,9.92,9.38,9.85,1195212.6,"20180625"
"000001.SZ",平安银行,9.39,9.36,9.44,9.09,9.46,1124156.94,"20180626"
"000001.SZ",平安银行,9.31,9.09,9.4,9.03,9.36,1045142.68,"20180627"
"000001.SZ",平安银行,8.95,8.92,9.08,8.87,9.09,1110764.03,"20180628"
"000001.SZ",平安银行,9.01,9.09,9.13,8.96,8.92,675299.68,"20180629"
"000001.SZ",平安银行,9.05,8.61,9.05,8.55,9.09,1315520.13,"20180702"
"000001.SZ",平安银行,8.69,8.67,8.7,8.45,8.61,1274838.57,"20180703"
"000001.SZ",平安银行,8.63,8.61,8.75,8.61,8.67,711153.37,"20180704"
"000001.SZ",平安银行,8.62,8.6,8.73,8.55,8.61,835768.77,"20180705"
"000001.SZ",平安银行,8.61,8.66,8.78,8.45,8.6,988282.69,"20180706"
"000001.SZ",平安银行,8.69,9.03,9.03,8.68,8.66,1409954.6,"20180709"
"000001.SZ",平安银行,9.02,8.98,9.02,8.89,9.03,896862.02,"20180710"
"000001.SZ",平安银行,8.76,8.78,8.83,8.68,8.98,851296.7,"20180711"
"000001.SZ",平安银行,8.6,8.88,8.97,8.58,8.64,1140492.31,"20180712"
"000001.SZ",平安银行,8.92,8.88,8.94,8.82,8.88,603378.21,"20180713"
"000001.SZ",平安银行,8.85,8.73,8.9,8.69,8.88,689845.58,"20180716"
"000001.SZ",平安银行,8.74,8.72,8.75,8.66,8.73,375356.33,"20180717"
"000001.SZ",平安银行,8.75,8.7,8.85,8.69,8.72,525152.77,"20180718"
"000001.SZ",平安银行,8.75,8.73,8.81,8.69,8.7,461372.39,"20180719"
"000001.SZ",平安银行,8.73,9.11,9.2,8.61,8.73,1754277.4,"20180720"
"000001.SZ",平安银行,9.04,9.42,9.45,9,9.11,1781688.26,"20180723"
"000001.SZ",平安银行,9.39,9.4,9.59,9.33,9.42,1425894.16,"20180724"
"000001.SZ",平安银行,9.44,9.38,9.47,9.33,9.4,614122.81,"20180725"
"000001.SZ",平安银行,9.4,9.25,9.48,9.21,9.38,833358.15,"20180726"
"000001.SZ",平安银行,9.3,9.25,9.36,9.18,9.25,515126.03,"20180727"
"000001.SZ",平安银行,9.32,9.39,9.49,9.26,9.25,706385.97,"20180730"
"000001.SZ",平安银行,9.37,9.42,9.49,9.25,9.39,720150.8,"20180731"
"000001.SZ",平安银行,9.42,9.15,9.5,9.11,9.42,814081.68,"20180801"
"000001.SZ",平安银行,9.13,8.94,9.15,8.88,9.15,931401.28,"20180802"
"000001.SZ",平安银行,8.93,8.91,9.1,8.91,8.94,476546.62,"20180803"
"000001.SZ",平安银行,8.94,8.94,9.11,8.89,8.91,554010.08,"20180806"
"000001.SZ",平安银行,8.96,9.17,9.17,8.88,8.94,690423.19,"20180807"
"000001.SZ",平安银行,9.16,9.05,9.16,9.04,9.17,578953.16,"20180808"
"000001.SZ",平安银行,9.04,9.29,9.35,9.02,9.05,806783.77,"20180809"
"000001.SZ",平安银行,9.3,9.23,9.32,9.16,9.29,424168.36,"20180810"
"000001.SZ",平安银行,9.12,9.05,9.16,8.9,9.23,818491.12,"20180813"
"000001.SZ",平安银行,9.03,9,9.04,8.94,9.05,430240.36,"20180814"
"000001.SZ",平安银行,9.02,8.79,9.02,8.75,9,670442.85,"20180815"
"000001.SZ",平安银行,8.73,8.78,8.89,8.64,8.79,638272.55,"20180816"
"000001.SZ",平安银行,8.88,8.81,8.94,8.78,8.78,649476.56,"20180817"
"000001.SZ",平安银行,8.9,9,9.02,8.87,8.81,681322.06,"20180820"
"000001.SZ",平安银行,9.02,9.23,9.26,9.01,9,1264474.47,"20180821"
"000001.SZ",平安银行,9.24,9.29,9.34,9.13,9.23,982433.98,"20180822"
"000001.SZ",平安银行,9.3,9.36,9.42,9.23,9.29,729074.62,"20180823"
"000001.SZ",平安银行,9.31,10.03,10.28,9.29,9.36,3040408.39,"20180824"
"000001.SZ",平安银行,10.02,10.43,10.43,9.97,10.03,2218424.22,"20180827"
"000001.SZ",平安银行,10.34,10.29,10.43,10.24,10.43,1289777.24,"20180828"
"000001.SZ",平安银行,10.25,10.27,10.33,10.15,10.29,901883.49,"20180829"
"000001.SZ",平安银行,10.27,10.12,10.35,10.08,10.27,994917.73,"20180830"
"000001.SZ",平安银行,10.13,10.13,10.32,10.1,10.12,1310865.24,"20180831"
"000001.SZ",平安银行,10.09,10.19,10.3,10.09,10.13,711695.67,"20180903"
"000001.SZ",平安银行,10.2,10.43,10.55,10.07,10.19,1296342.08,"20180904"
"000001.SZ",平安银行,10.3,10.05,10.33,10.05,10.43,1179453.17,"20180905"
"000001.SZ",平安银行,10.05,9.97,10.14,9.95,10.05,711777.55,"20180906"
"000001.SZ",平安银行,10.04,10.01,10.18,9.93,9.97,809035.34,"20180907"
"000001.SZ",平安银行,10.01,9.88,10.07,9.84,10.01,636989.29,"20180910"
"000001.SZ",平安银行,9.9,9.91,10.03,9.81,9.88,712967.51,"20180911"
"000001.SZ",平安银行,9.87,9.88,9.97,9.82,9.91,564829.16,"20180912"
"000001.SZ",平安银行,10.09,9.96,10.1,9.84,9.88,999725.61,"20180913"
"000001.SZ",平安银行,9.98,9.84,9.98,9.81,9.96,619750.19,"20180914"
"000001.SZ",平安银行,9.8,9.69,9.8,9.68,9.84,517082.33,"20180917"
"000001.SZ",平安银行,9.73,10.08,10.12,9.7,9.69,1126807.42,"20180918"
"000001.SZ",平安银行,10.03,10.24,10.34,10.03,10.08,1231548.77,"20180919"
"000001.SZ",平安银行,10.27,10.23,10.36,10.19,10.24,620348.36,"20180920"
"000001.SZ",平安银行,10.26,10.67,10.7,10.18,10.23,1624518.41,"20180921"
"000001.SZ",平安银行,10.52,10.55,10.68,10.48,10.67,977014.7,"20180925"
"000001.SZ",平安银行,10.61,10.71,10.92,10.52,10.55,1490513.43,"20180926"
"000001.SZ",平安银行,10.65,10.74,10.84,10.57,10.71,880363.33,"20180927"
"000001.SZ",平安银行,10.78,11.05,11.27,10.78,10.74,2110242.67,"20180928"
"000001.SZ",平安银行,10.7,10.45,10.79,10.45,11.05,1686358.52,"20181008"
"000001.SZ",平安银行,10.46,10.56,10.7,10.39,10.45,1064084.26,"20181009"
"000001.SZ",平安银行,10.54,10.45,10.66,10.38,10.56,995200.08,"20181010"
"000001.SZ",平安银行,10.05,9.86,10.16,9.7,10.45,1995143.83,"20181011"
"000001.SZ",平安银行,9.97,10.3,10.34,9.87,9.86,1516810.28,"20181012"
"000001.SZ",平安银行,10.39,10.11,10.47,10.09,10.3,1402685.3,"20181015"
"000001.SZ",平安银行,10.14,10.37,10.54,10.12,10.11,1396921.05,"20181016"
"000001.SZ",平安银行,10.5,10.33,10.55,10.14,10.37,1350889.83,"20181017"
"000001.SZ",平安银行,10.29,10.09,10.29,10.06,10.33,1001156.05,"20181018"
"000001.SZ",平安银行,9.95,10.76,10.78,9.92,10.09,2083667.32,"20181019"
"000001.SZ",平安银行,10.81,11.15,11.46,10.78,10.76,2645543.12,"20181022"
"000001.SZ",平安银行,11.2,10.84,11.22,10.73,11.15,1602545.92,"20181023"
"000001.SZ",平安银行,10.9,11.04,11.33,10.8,10.84,1829424.64,"20181024"
"000001.SZ",平安银行,10.8,11.29,11.29,10.71,11.04,1685011.36,"20181025"
"000001.SZ",平安银行,11.29,11.18,11.31,10.96,11.29,1299975.1,"20181026"
"000001.SZ",平安银行,11.2,10.75,11.24,10.62,11.18,1591628.78,"20181029"
"000001.SZ",平安银行,10.78,10.9,11.08,10.73,10.75,1501827.86,"20181030"
"000001.SZ",平安银行,10.95,10.91,10.99,10.75,10.9,1152683.79,"20181031"
"000001.SZ",平安银行,10.99,10.83,11.05,10.76,10.91,1542776.32,"20181101"
"000001.SZ",平安银行,11.04,11.09,11.16,10.83,10.83,2212922.87,"20181102"
"000001.SZ",平安银行,10.95,10.92,11.04,10.82,11.09,1291924.17,"20181105"
"000001.SZ",平安银行,10.87,10.84,10.93,10.73,10.92,735725.74,"20181106"
"000001.SZ",平安银行,10.83,10.81,10.95,10.75,10.84,785597.41,"20181107"
"000001.SZ",平安银行,10.88,10.89,10.97,10.82,10.81,793976,"20181108"
"000001.SZ",平安银行,10.71,10.55,10.73,10.4,10.89,1629269.17,"20181109"
"000001.SZ",平安银行,10.46,10.56,10.58,10.38,10.55,920333.88,"20181112"
"000001.SZ",平安银行,10.41,10.54,10.65,10.38,10.56,1072497.62,"20181113"
"000001.SZ",平安银行,10.53,10.44,10.55,10.42,10.54,774239.85,"20181114"
"000001.SZ",平安银行,10.44,10.62,10.64,10.42,10.44,901461.98,"20181115"
"000001.SZ",平安银行,10.61,10.57,10.72,10.49,10.62,1059592.59,"20181116"
"000001.SZ",平安银行,10.57,10.85,10.88,10.57,10.57,1360887.09,"20181119"
"000001.SZ",平安银行,10.75,10.57,10.8,10.52,10.85,1033877.53,"20181120"
"000001.SZ",平安银行,10.5,10.61,10.67,10.48,10.57,666157.33,"20181121"
"000001.SZ",平安银行,10.67,10.55,10.67,10.48,10.61,500267.85,"20181122"
"000001.SZ",平安银行,10.53,10.32,10.58,10.31,10.55,700358.15,"20181123"
"000001.SZ",平安银行,10.34,10.34,10.46,10.3,10.32,516569.11,"20181126"
"000001.SZ",平安银行,10.35,10.18,10.39,10.16,10.34,733448.38,"20181127"
"000001.SZ",平安银行,10.17,10.28,10.31,10.16,10.18,537751.45,"20181128"
"000001.SZ",平安银行,10.35,10.2,10.39,10.19,10.28,485284.05,"20181129"
"000001.SZ",平安银行,10.22,10.36,10.36,10.17,10.2,594715.32,"20181130"
"000001.SZ",平安银行,10.59,10.59,10.66,10.47,10.36,1064097.17,"20181203"
"000001.SZ",平安银行,10.57,10.59,10.62,10.53,10.59,534813.05,"20181204"
"000001.SZ",平安银行,10.49,10.45,10.51,10.4,10.59,581545.27,"20181205"
"000001.SZ",平安银行,10.36,10.25,10.37,10.23,10.45,578866.48,"20181206"
"000001.SZ",平安银行,10.3,10.28,10.39,10.27,10.25,340216.15,"20181207"
"000001.SZ",平安银行,10.22,10.17,10.27,10.13,10.28,494818.87,"20181210"
"000001.SZ",平安银行,10.21,10.23,10.26,10.17,10.17,299089.62,"20181211"
"000001.SZ",平安银行,10.3,10.24,10.32,10.2,10.23,366379.03,"20181212"
"000001.SZ",平安银行,10.25,10.39,10.48,10.2,10.24,790845.21,"20181213"
"000001.SZ",平安银行,10.34,10.17,10.35,10.16,10.39,526675.13,"20181214"
"000001.SZ",平安银行,10.16,10.29,10.33,10.1,10.17,571274.87,"20181217"
"000001.SZ",平安银行,10.2,10.12,10.32,10.1,10.29,537744.3,"20181218"
"000001.SZ",平安银行,10.14,9.94,10.18,9.9,10.12,598007.01,"20181219"
"000001.SZ",平安银行,9.92,9.71,9.97,9.63,9.94,990284.79,"20181220"
"000001.SZ",平安银行,9.68,9.45,9.7,9.33,9.71,1000616.76,"20181221"
"000001.SZ",平安银行,9.4,9.42,9.45,9.31,9.45,509117.67,"20181224"
"000001.SZ",平安银行,9.29,9.34,9.43,9.21,9.42,586615.45,"20181225"
"000001.SZ",平安银行,9.35,9.3,9.42,9.27,9.34,421140.6,"20181226"
"000001.SZ",平安银行,9.45,9.28,9.49,9.28,9.3,624593.27,"20181227"
"000001.SZ",平安银行,9.31,9.38,9.46,9.31,9.28,576604,"20181228"
"000001.SZ",平安银行,9.39,9.19,9.42,9.16,9.38,539386.32,"20190102"
"000001.SZ",平安银行,9.18,9.28,9.33,9.15,9.19,415537.95,"20190103"
"000001.SZ",平安银行,9.24,9.75,9.82,9.22,9.28,1481159.06,"20190104"
"000001.SZ",平安银行,9.84,9.74,9.85,9.63,9.75,865687.66,"20190107"
"000001.SZ",平安银行,9.73,9.66,9.74,9.62,9.74,402388.11,"20190108"
"000001.SZ",平安银行,9.74,9.94,10.08,9.7,9.66,1233486.36,"20190109"
"000001.SZ",平安银行,9.87,10.1,10.2,9.86,9.94,1071817.66,"20190110"
"000001.SZ",平安银行,10.11,10.2,10.22,10.05,10.1,696364.55,"20190111"
"000001.SZ",平安银行,10.22,10.11,10.25,10.07,10.2,500443.59,"20190114"
"000001.SZ",平安银行,10.11,10.24,10.28,10.09,10.11,542160.55,"20190115"
"000001.SZ",平安银行,10.24,10.48,10.5,10.23,10.24,977699.37,"20190116"
"000001.SZ",平安银行,10.54,10.25,10.57,10.17,10.48,882811.92,"20190117"
"000001.SZ",平安银行,10.34,10.43,10.49,10.28,10.25,738793.26,"20190118"
"000001.SZ",平安银行,10.34,10.34,10.47,10.32,10.43,659355.76,"20190121"
"000001.SZ",平安银行,10.34,10.28,10.44,10.26,10.34,424413.57,"20190122"
"000001.SZ",平安银行,10.29,10.35,10.47,10.29,10.28,537876.63,"20190123"
"000001.SZ",平安银行,10.4,10.52,10.55,10.37,10.35,679240.88,"20190124"
"000001.SZ",平安银行,10.56,11,11.04,10.55,10.52,2108361.85,"20190125"
"000001.SZ",平安银行,11.04,10.94,11.14,10.88,11,1035909.8,"20190128"
"000001.SZ",平安银行,10.96,11,11.07,10.77,10.94,826631.1,"20190129"
"000001.SZ",平安银行,10.95,10.95,11.18,10.86,11,712001.01,"20190130"
"000001.SZ",平安银行,10.98,11.1,11.2,10.94,10.95,831622.75,"20190131"
"000001.SZ",平安银行,11.2,11.2,11.25,10.96,11.1,1014270.07,"20190201"
"000001.SZ",平安银行,11.08,11.21,11.21,10.97,11.2,801936.63,"20190211"
"000001.SZ",平安银行,11.2,11.19,11.31,11.03,11.21,959936.9,"20190212"
"000001.SZ",平安银行,11.19,11.38,11.41,11.12,11.19,1137365.74,"20190213"
"000001.SZ",平安银行,11.3,11.25,11.33,11.19,11.38,869185.19,"20190214"
"000001.SZ",平安银行,11.23,10.95,11.23,10.9,11.25,1100127.46,"20190215"
"000001.SZ",平安银行,11.05,11.36,11.36,11.04,10.95,1255522.21,"20190218"
"000001.SZ",平安银行,11.36,11.27,11.62,11.24,11.36,1270882.04,"20190219"
"000001.SZ",平安银行,11.33,11.41,11.53,11.25,11.27,832629.87,"20190220"
"000001.SZ",平安银行,11.38,11.36,11.55,11.28,11.41,754246.48,"20190221"
"000001.SZ",平安银行,11.35,11.54,11.57,11.15,11.36,1184047.79,"20190222"
"000001.SZ",平安银行,11.7,12.55,12.64,11.57,11.54,2824935.02,"20190225"
"000001.SZ",平安银行,12.55,12.2,12.57,12.15,12.55,2017544.93,"20190226"
"000001.SZ",平安银行,12.24,12.4,12.66,12.15,12.2,1979013.88,"20190227"
"000001.SZ",平安银行,12.44,12.36,12.61,12.27,12.4,1113099.8,"20190228"
"000001.SZ",平安银行,12.48,12.76,12.78,12.2,12.36,1712679.16,"20190301"
"000001.SZ",平安银行,12.7,12.99,13.38,12.62,12.76,2456830.39,"20190304"
"000001.SZ",平安银行,12.91,13.06,13.29,12.84,12.99,1408422.22,"20190305"
"000001.SZ",平安银行,13.06,13.08,13.15,12.84,13.06,1245760.2,"20190306"
"000001.SZ",平安银行,13.06,12.74,13.06,12.55,13.08,1782057.31,"20190307"
"000001.SZ",平安银行,12.49,12.3,12.7,12.25,12.74,1778162.1,"20190308"
"000001.SZ",平安银行,12.3,12.32,12.49,12.05,12.3,1157650.77,"20190311"
"000001.SZ",平安银行,12.49,12.36,12.64,12.24,12.32,1411794.92,"20190312"
"000001.SZ",平安银行,12.34,12.37,12.55,12.13,12.36,1269427.16,"20190313"
"000001.SZ",平安银行,12.33,12.43,12.62,12.27,12.37,1057467.9,"20190314"
"000001.SZ",平安银行,12.34,12.5,12.68,12.34,12.43,1045406.03,"20190315"
"000001.SZ",平安银行,12.53,12.91,12.94,12.32,12.5,1486454.8,"20190318"
"000001.SZ",平安银行,12.92,12.79,12.94,12.61,12.91,957196.46,"20190319"
"000001.SZ",平安银行,12.68,12.75,12.88,12.62,12.79,929996.38,"20190320"
"000001.SZ",平安银行,12.77,12.69,12.8,12.58,12.75,860140.8,"20190321"
"000001.SZ",平安银行,12.69,12.59,12.74,12.5,12.69,713502.06,"20190322"
"000001.SZ",平安银行,12.4,12.11,12.4,12.1,12.59,1179883.26,"20190325"
"000001.SZ",平安银行,12.23,12.1,12.29,12.01,12.11,935393.27,"20190326"
"000001.SZ",平安银行,12.24,12.38,12.47,12.18,12.1,922826.8,"20190327"
"000001.SZ",平安银行,12.31,12.22,12.31,12.1,12.38,732467.44,"20190328"
"000001.SZ",平安银行,12.26,12.82,12.82,12.21,12.22,1669506.47,"20190329"
"000001.SZ",平安银行,12.83,13.18,13.55,12.83,12.82,1951401.19,"20190401"
"000001.SZ",平安银行,13.28,13.36,13.48,13.23,13.18,1100384.04,"20190402"
"000001.SZ",平安银行,13.21,13.44,13.45,13.15,13.36,792915.79,"20190403"
"000001.SZ",平安银行,13.43,13.86,14,13.43,13.44,2034365,"20190404"
"000001.SZ",平安银行,13.9,13.96,14.43,13.72,13.86,1743176.2,"20190408"
"000001.SZ",平安银行,13.87,13.81,13.98,13.75,13.96,781332.38,"20190409"
"000001.SZ",平安银行,13.75,13.73,13.88,13.4,13.81,947135.06,"20190410"
"000001.SZ",平安银行,13.73,13.54,13.96,13.49,13.73,655356.62,"20190411"
"000001.SZ",平安银行,13.49,13.42,13.59,13.21,13.54,774324.64,"20190412"
"000001.SZ",平安银行,13.72,13.69,14.09,13.66,13.42,1533890.68,"20190415"
"000001.SZ",平安银行,13.67,14.58,14.58,13.55,13.69,2379375.18,"20190416"
"000001.SZ",平安银行,14.42,14.35,14.59,14.23,14.58,1004109.87,"20190417"
"000001.SZ",平安银行,14.3,14.34,14.37,14.11,14.35,507045.3,"20190418"
"000001.SZ",平安银行,14.45,14.73,14.8,14.3,14.34,1246036.09,"20190419"
"000001.SZ",平安银行,14.6,14.15,14.84,14.08,14.73,1322273.9,"20190422"
"000001.SZ",平安银行,14.1,14.07,14.2,13.97,14.15,940687.34,"20190423"
"000001.SZ",平安银行,14.45,14.44,14.6,14.16,14.07,1949723.63,"20190424"
"000001.SZ",平安银行,14.38,14.13,14.64,14.13,14.44,1111476.37,"20190425"
"000001.SZ",平安银行,14.08,13.79,14.25,13.7,14.13,1009421.24,"20190426"
"000001.SZ",平安银行,13.9,14.1,14.33,13.86,13.79,1030695.75,"20190429"
"000001.SZ",平安银行,13.99,13.85,14.05,13.59,14.1,1116570.27,"20190430"
"000001.SZ",平安银行,13.1,12.87,13.35,12.71,13.85,2108667.84,"20190506"
"000001.SZ",平安银行,13.03,12.95,13.09,12.72,12.87,1072658.41,"20190507"
"000001.SZ",平安银行,12.72,12.6,12.91,12.5,12.95,975450.81,"20190508"
"000001.SZ",平安银行,12.52,12.16,12.58,12.05,12.6,1557151.61,"20190509"
"000001.SZ",平安银行,12.34,12.68,12.75,12.1,12.16,1192399.08,"20190510"
"000001.SZ",平安银行,12.33,12.3,12.54,12.23,12.68,741917.79,"20190513"
"000001.SZ",平安银行,12.2,12.49,12.75,12.16,12.3,1182598.19,"20190514"
"000001.SZ",平安银行,12.58,12.92,13.11,12.57,12.49,1103988.51,"20190515"
"000001.SZ",平安银行,12.93,12.85,12.99,12.78,12.92,634901.43,"20190516"
"000001.SZ",平安银行,12.92,12.44,12.93,12.36,12.85,965000.85,"20190517"
"000001.SZ",平安银行,12.35,12.38,12.54,12.25,12.44,786435.18,"20190520"
"000001.SZ",平安银行,12.4,12.56,12.73,12.36,12.38,731210.51,"20190521"
"000001.SZ",平安银行,12.57,12.4,12.57,12.32,12.56,506230.72,"20190522"
"000001.SZ",平安银行,12.24,12.29,12.42,12.14,12.4,666855.43,"20190523"
"000001.SZ",平安银行,12.35,12.35,12.45,12.31,12.29,495526.2,"20190524"
"000001.SZ",平安银行,12.21,12.37,12.42,11.93,12.35,1048425.98,"20190527"
"000001.SZ",平安银行,12.31,12.49,12.55,12.26,12.37,880703.12,"20190528"
"000001.SZ",平安银行,12.36,12.4,12.59,12.26,12.49,666411.5,"20190529"
"000001.SZ",平安银行,12.32,12.22,12.38,12.11,12.4,646284.65,"20190530"
"000001.SZ",平安银行,12.16,12.18,12.4,12.11,12.22,686794.39,"20190531"
"000001.SZ",平安银行,12.22,11.9,12.33,11.82,12.18,1512719.05,"20190603"
"000001.SZ",平安银行,11.89,11.85,11.94,11.6,11.9,974655.34,"20190604"
"000001.SZ",平安银行,11.97,11.97,12.14,11.92,11.85,748892.31,"20190605"
"000001.SZ",平安银行,11.97,11.92,12.07,11.89,11.97,433665.26,"20190606"
"000001.SZ",平安银行,12.01,12.34,12.47,11.98,11.92,1144668.82,"20190610"
"000001.SZ",平安银行,12.34,12.65,12.72,12.3,12.34,1251087.51,"20190611"
"000001.SZ",平安银行,12.63,12.57,12.66,12.44,12.65,657310.18,"20190612"
"000001.SZ",平安银行,12.54,12.59,12.68,12.43,12.57,530000.26,"20190613"
"000001.SZ",平安银行,12.59,12.49,12.69,12.45,12.59,483191.73,"20190614"
"000001.SZ",平安银行,12.48,12.67,12.79,12.48,12.49,619815.88,"20190617"
"000001.SZ",平安银行,12.67,12.8,12.85,12.59,12.67,483555.12,"20190618"
"000001.SZ",平安银行,13.29,13.07,13.39,13.01,12.8,1143226.39,"20190619"
"000001.SZ",平安银行,13.17,13.8,13.95,13.12,13.07,1529191.47,"20190620"
"000001.SZ",平安银行,13.76,13.64,13.87,13.58,13.8,1011129.15,"20190621"
"000001.SZ",平安银行,13.69,13.69,13.83,13.61,13.64,659572.85,"20190624"
"000001.SZ",平安银行,13.72,13.43,13.72,13.07,13.69,1469227.07,"20190625"
"000001.SZ",平安银行,13.27,13.37,13.5,13.19,13.29,546504.76,"20190626"
"000001.SZ",平安银行,13.5,13.71,13.85,13.45,13.37,925074.94,"20190627"
"000001.SZ",平安银行,13.73,13.78,13.79,13.58,13.71,498093.69,"20190628"
"000001.SZ",平安银行,14.01,13.93,14.18,13.87,13.78,960636,"20190701"
"000001.SZ",平安银行,13.88,14.18,14.24,13.86,13.93,1052744.86,"20190702"
"000001.SZ",平安银行,14.18,14.01,14.21,13.87,14.18,769078.49,"20190703"
"000001.SZ",平安银行,14.01,13.99,14.28,13.88,14.01,621292.52,"20190704"
"000001.SZ",平安银行,13.95,13.92,13.98,13.69,13.99,749196.09,"20190705"
"000001.SZ",平安银行,13.82,13.59,13.88,13.45,13.92,778413.9,"20190708"
"000001.SZ",平安银行,13.63,13.59,13.71,13.44,13.59,494296.11,"20190709"
"000001.SZ",平安银行,13.61,13.56,13.7,13.49,13.59,358220.79,"20190710"
"000001.SZ",平安银行,13.68,13.54,13.78,13.53,13.56,484183.14,"20190711"
"000001.SZ",平安银行,13.6,14.12,14.23,13.58,13.54,1465366.52,"20190712"
"000001.SZ",平安银行,14.03,14,14.12,13.84,14.12,841282.76,"20190715"
"000001.SZ",平安银行,13.97,13.75,13.99,13.71,14,722780.79,"20190716"
"000001.SZ",平安银行,13.7,13.69,13.81,13.61,13.75,410020.63,"20190717"
"000001.SZ",平安银行,13.65,13.67,13.81,13.56,13.69,422826.22,"20190718"
"000001.SZ",平安银行,13.74,13.99,14.08,13.68,13.67,866390.7,"20190719"
"000001.SZ",平安银行,13.96,13.85,14.02,13.76,13.99,582283.3,"20190722"
"000001.SZ",平安银行,13.86,13.76,13.87,13.65,13.85,504004.23,"20190723"
"000001.SZ",平安银行,13.87,13.88,14.01,13.79,13.76,570276.22,"20190724"
"000001.SZ",平安银行,13.92,14.2,14.27,13.85,13.88,1087826.41,"20190725"
"000001.SZ",平安银行,14.18,14.23,14.25,14.08,14.2,635305.71,"20190726"
"000001.SZ",平安银行,14.25,14.29,14.45,14.18,14.23,715576.19,"20190729"
"000001.SZ",平安银行,14.31,14.37,14.55,14.29,14.29,796634.32,"20190730"
"000001.SZ",平安银行,14.3,14.13,14.32,14.08,14.37,634723.48,"20190731"
"000001.SZ",平安银行,14.06,14.1,14.19,13.94,14.13,527981.28,"20190801"
"000001.SZ",平安银行,13.77,13.74,13.88,13.66,14.1,969926.46,"20190802"
"000001.SZ",平安银行,13.6,13.35,13.64,13.27,13.74,893082.42,"20190805"
"000001.SZ",平安银行,13.1,13.37,13.46,13.03,13.35,882499.13,"20190806"
"000001.SZ",平安银行,13.49,13.54,13.64,13.37,13.37,793038.99,"20190807"
"000001.SZ",平安银行,13.9,14.38,14.5,13.85,13.54,2330715.04,"20190808"
"000001.SZ",平安银行,14.55,14.52,14.85,14.43,14.38,2060575.13,"20190809"
"000001.SZ",平安银行,14.61,15.12,15.12,14.6,14.52,2733425.47,"20190812"
"000001.SZ",平安银行,15,14.89,15.08,14.74,15.12,1293736.44,"20190813"
"000001.SZ",平安银行,15.14,14.97,15.22,14.8,14.89,1360546.54,"20190814"
"000001.SZ",平安银行,14.64,14.94,14.96,14.6,14.97,897376.26,"20190815"
"000001.SZ",平安银行,15.09,14.9,15.14,14.78,14.94,986902.93,"20190816"
"000001.SZ",平安银行,14.91,14.92,14.94,14.52,14.9,2292956.13,"20190819"
"000001.SZ",平安银行,14.92,14.99,15.2,14.77,14.92,1921041.5,"20190820"
"000001.SZ",平安银行,14.87,14.45,14.89,14.38,14.99,1990131.95,"20190821"
"000001.SZ",平安银行,14.4,14.31,14.45,14.2,14.45,1353071.58,"20190822"
"000001.SZ",平安银行,14.37,14.65,14.74,14.35,14.31,1636867.68,"20190823"
"000001.SZ",平安银行,14.42,14.25,14.5,14.15,14.65,1415122.54,"20190826"
"000001.SZ",平安银行,14.36,14.31,14.48,14.24,14.25,1356713.37,"20190827"
"000001.SZ",平安银行,14.26,14.27,14.28,14.05,14.31,829657.68,"20190828"
"000001.SZ",平安银行,14.22,14.13,14.24,14.08,14.27,609034.34,"20190829"
"000001.SZ",平安银行,14.29,14.16,14.39,14.1,14.13,798500.57,"20190830"
"000001.SZ",平安银行,14.15,14.45,14.5,14.11,14.16,1360201.3,"20190902"
"000001.SZ",平安银行,14.48,14.3,14.51,14.25,14.45,858653.65,"20190903"
"000001.SZ",平安银行,14.32,14.44,14.5,14.31,14.3,973964.87,"20190904"
"000001.SZ",平安银行,14.56,14.58,14.85,14.55,14.44,1768051.43,"20190905"
"000001.SZ",平安银行,14.71,14.81,14.81,14.62,14.58,986432.8,"20190906"
"000001.SZ",平安银行,14.98,14.69,15,14.6,14.81,1299839.14,"20190909"
"000001.SZ",平安银行,14.6,14.55,14.64,14.41,14.69,796870.64,"20190910"
"000001.SZ",平安银行,14.6,14.56,14.71,14.46,14.55,818614.21,"20190911"
"000001.SZ",平安银行,14.66,14.68,14.78,14.53,14.56,1150687.64,"20190912"
"000001.SZ",平安银行,14.7,14.45,14.72,14.4,14.68,929894.14,"20190916"
"000001.SZ",平安银行,14.36,14.24,14.45,14.18,14.45,882655.75,"20190917"
"000001.SZ",平安银行,14.24,14.41,14.48,14.24,14.24,820436.33,"20190918"
"000001.SZ",平安银行,14.48,14.84,14.89,14.48,14.41,1884020.83,"20190919"
"000001.SZ",平安银行,14.95,15.34,15.4,14.93,14.84,2644285.14,"20190920"
"000001.SZ",平安银行,15.34,15.38,15.47,15.18,15.34,1403282,"20190923"
"000001.SZ",平安银行,15.47,15.18,15.54,15.18,15.38,1129103.24,"20190924"
"000001.SZ",平安银行,15.2,15.75,15.85,15.19,15.18,1938892.72,"20190925"
"000001.SZ",平安银行,15.86,15.71,16.04,15.66,15.75,1686592.58,"20190926"
"000001.SZ",平安银行,15.85,15.9,16,15.7,15.71,1007706.27,"20190927"
"000001.SZ",平安银行,15.75,15.59,15.89,15.57,15.9,1046363.17,"20190930"
"000001.SZ",平安银行,15.6,16.2,16.23,15.6,15.59,1386676.36,"20191008"
"000001.SZ",平安银行,16.1,16.25,16.52,16.02,16.2,1316693.41,"20191009"
"000001.SZ",平安银行,16.27,16.24,16.27,15.99,16.25,879746.62,"20191010"
"000001.SZ",平安银行,16.2,16.81,16.95,16.2,16.24,1405422.82,"20191011"
"000001.SZ",平安银行,16.97,17.22,17.6,16.92,16.81,1557637.45,"20191014"
"000001.SZ",平安银行,17.25,17.18,17.35,16.82,17.22,881955.42,"20191015"
"000001.SZ",平安银行,17.26,16.79,17.44,16.63,17.18,1267671.21,"20191016"
"000001.SZ",平安银行,16.9,16.7,17,16.55,16.79,1126182.22,"20191017"
"000001.SZ",平安银行,16.8,16.51,17.04,16.43,16.7,1196799.14,"20191018"
"000001.SZ",平安银行,16.43,16.89,16.97,16.43,16.51,945952.25,"20191021"
"000001.SZ",平安银行,16.91,16.42,16.93,16.03,16.89,1883531.43,"20191022"
"000001.SZ",平安银行,16.32,16.45,16.67,16.23,16.42,967534.59,"20191023"
"000001.SZ",平安银行,16.5,16.87,17,16.44,16.45,1109214.77,"20191024"
"000001.SZ",平安银行,16.78,16.88,16.96,16.58,16.87,691435.76,"20191025"
"000001.SZ",平安银行,16.98,16.66,17.04,16.48,16.88,1070131.13,"20191028"
"000001.SZ",平安银行,16.69,16.91,16.93,16.56,16.66,788864.73,"20191029"
"000001.SZ",平安银行,16.8,16.43,16.96,16.42,16.91,854317.17,"20191030"
"000001.SZ",平安银行,16.42,16.26,16.47,16.24,16.43,862569.3,"20191031"
"000001.SZ",平安银行,16.35,16.86,17,16.28,16.26,1254655.44,"20191101"
"000001.SZ",平安银行,16.98,16.92,17.25,16.77,16.86,889824.25,"20191104"
"000001.SZ",平安银行,16.8,17.15,17.44,16.79,16.92,1172485.89,"20191105"
"000001.SZ",平安银行,17.06,16.96,17.26,16.88,17.15,863325.36,"20191106"
"000001.SZ",平安银行,16.93,16.89,17.07,16.75,16.96,711896.99,"20191107"
"000001.SZ",平安银行,16.98,16.65,17.02,16.64,16.89,849139.24,"20191108"
"000001.SZ",平安银行,16.5,16.28,16.53,16.2,16.65,953515.63,"20191111"
"000001.SZ",平安银行,16.29,16.33,16.37,16.16,16.28,516266.4,"20191112"
"000001.SZ",平安银行,16.29,16.33,16.46,16.06,16.33,655120.65,"20191113"
"000001.SZ",平安银行,16.43,16.32,16.48,16.25,16.33,468899.55,"20191114"
"000001.SZ",平安银行,16.39,16.34,16.55,16.24,16.32,569227.98,"20191115"
"000001.SZ",平安银行,16.35,16.45,16.55,16.23,16.34,557918.41,"20191118"
"000001.SZ",平安银行,16.45,16.41,16.48,16.31,16.45,562120.4,"20191119"
"000001.SZ",平安银行,16.3,15.85,16.3,15.77,16.41,1724383.53,"20191120"
"000001.SZ",平安银行,15.75,15.86,15.87,15.63,15.85,772563.24,"20191121"
"000001.SZ",平安银行,15.89,15.59,15.92,15.55,15.86,773473.54,"20191122"
"000001.SZ",平安银行,15.64,15.8,15.84,15.54,15.59,783257.94,"20191125"
"000001.SZ",平安银行,15.89,15.62,15.89,15.49,15.8,815297.53,"20191126"
"000001.SZ",平安银行,15.64,15.47,15.64,15.39,15.62,476169.98,"20191127"
"000001.SZ",平安银行,15.47,15.49,15.54,15.44,15.47,378016.51,"20191128"
"000001.SZ",平安银行,15.54,15.29,15.55,15.18,15.49,653866.91,"20191129"
"000001.SZ",平安银行,15.35,15.36,15.43,15.23,15.29,553877.38,"20191202"
"000001.SZ",平安银行,15.3,15.45,15.46,15.21,15.36,455418.05,"20191203"
"000001.SZ",平安银行,15.34,15.31,15.41,15.21,15.45,524545.27,"20191204"
"000001.SZ",平安银行,15.35,15.43,15.48,15.3,15.31,557084.46,"20191205"
"000001.SZ",平安银行,15.47,15.6,15.72,15.46,15.43,712615.24,"20191206"
"000001.SZ",平安银行,15.62,15.41,15.62,15.35,15.6,605992.89,"20191209"
"000001.SZ",平安银行,15.36,15.33,15.38,15.25,15.41,556383.88,"20191210"
"000001.SZ",平安银行,15.38,15.66,15.68,15.3,15.33,871505.19,"20191211"
"000001.SZ",平安银行,15.66,15.6,15.67,15.53,15.66,478998.82,"20191212"
"000001.SZ",平安银行,15.85,16.12,16.12,15.77,15.6,1053103.81,"20191213"
"000001.SZ",平安银行,16.12,16.13,16.14,15.87,16.12,787952.34,"20191216"
"000001.SZ",平安银行,16,16.5,16.63,15.98,16.13,1203104.9,"20191217"
"000001.SZ",平安银行,16.43,16.46,16.66,16.41,16.5,797091.33,"20191218"
"000001.SZ",平安银行,16.55,16.55,16.74,16.44,16.46,675536.76,"20191219"
"000001.SZ",平安银行,16.55,16.59,16.68,16.44,16.55,644478.38,"20191220"
"000001.SZ",平安银行,16.68,16.24,16.68,16.17,16.59,715792.72,"20191223"
"000001.SZ",平安银行,16.23,16.4,16.5,16.23,16.24,459128.42,"20191224"
"000001.SZ",平安银行,16.45,16.3,16.56,16.24,16.4,414917.98,"20191225"
"000001.SZ",平安银行,16.34,16.47,16.48,16.32,16.3,372033.86,"20191226"
"000001.SZ",平安银行,16.53,16.63,16.93,16.43,16.47,1042574.72,"20191227"
"000001.SZ",平安银行,16.46,16.57,16.63,16.1,16.63,976970.31,"20191230"
"000001.SZ",平安银行,16.57,16.45,16.63,16.31,16.57,704442.25,"20191231"
"000001.SZ",平安银行,16.65,16.87,16.95,16.55,16.45,1530231.87,"20200102"
"000001.SZ",平安银行,16.94,17.18,17.31,16.92,16.87,1116194.81,"20200103"
"000001.SZ",平安银行,17.01,17.07,17.34,16.91,17.18,862083.5,"20200106"
"000001.SZ",平安银行,17.13,17.15,17.28,16.95,17.07,728607.56,"20200107"
"000001.SZ",平安银行,17,16.66,17.05,16.63,17.15,847824.12,"20200108"
"000001.SZ",平安银行,16.81,16.79,16.93,16.53,16.66,1031636.65,"20200109"
"000001.SZ",平安银行,16.79,16.69,16.81,16.52,16.79,585548.45,"20200110"
"000001.SZ",平安银行,16.75,16.99,17.03,16.61,16.69,872133.36,"20200113"
"000001.SZ",平安银行,16.99,16.76,17.27,16.76,16.99,1304493.66,"20200114"
"000001.SZ",平安银行,16.79,16.52,16.86,16.45,16.76,859439.12,"20200115"
"000001.SZ",平安银行,16.52,16.33,16.57,16.2,16.52,1028104.67,"20200116"
"000001.SZ",平安银行,16.38,16.39,16.55,16.35,16.33,605436.69,"20200117"
"000001.SZ",平安银行,16.43,16.45,16.61,16.35,16.39,746074.75,"20200120"
"000001.SZ",平安银行,16.34,16,16.34,15.93,16.45,896603.1,"20200121"
"000001.SZ",平安银行,15.92,16.09,16.16,15.71,16,719464.91,"20200122"
"000001.SZ",平安银行,15.92,15.54,15.92,15.39,16.09,1100592.07,"20200123"
"000001.SZ",平安银行,13.99,13.99,14.7,13.99,15.54,2259194.83,"20200203"
"000001.SZ",平安银行,14.05,14.6,14.66,14.02,13.99,1706172.07,"20200204"
"000001.SZ",平安银行,14.59,14.63,14.89,14.32,14.6,1491380.21,"20200205"
"000001.SZ",平安银行,14.81,14.77,14.87,14.51,14.63,1185815.72,"20200206"
"000001.SZ",平安银行,14.6,14.62,14.69,14.41,14.77,924852.96,"20200207"
"000001.SZ",平安银行,14.51,14.5,14.53,14.3,14.62,1339495.24,"20200210"
"000001.SZ",平安银行,14.6,14.79,14.94,14.56,14.5,1407507.44,"20200211"
"000001.SZ",平安银行,14.79,14.77,14.82,14.6,14.79,1070503.21,"20200212"
"000001.SZ",平安银行,14.71,14.65,14.88,14.61,14.77,1013205.28,"20200213"
"000001.SZ",平安银行,14.75,15.03,15.14,14.7,14.65,1512434.73,"20200214"
"000001.SZ",平安银行,15.04,15.37,15.37,14.93,15.03,1543696.01,"20200217"
"000001.SZ",平安银行,15.33,15.2,15.33,15.01,15.37,973612.35,"20200218"
"000001.SZ",平安银行,15.1,15.24,15.37,15.08,15.2,874106.93,"20200219"
"000001.SZ",平安银行,15.27,15.59,15.62,15.1,15.24,1235444.34,"20200220"
"000001.SZ",平安银行,15.49,15.58,15.72,15.45,15.59,995071.02,"20200221"
"000001.SZ",平安银行,15.46,15.23,15.46,15.15,15.58,1191794.5,"20200224"
"000001.SZ",平安银行,15,15.04,15.13,14.78,15.23,1144575.02,"20200225"
"000001.SZ",平安银行,14.77,14.99,15.27,14.7,15.04,1176599.15,"20200226"
"000001.SZ",平安银行,14.96,15.11,15.15,14.89,14.99,975270.9,"20200227"
"000001.SZ",平安银行,14.85,14.5,15.04,14.46,15.11,1300644.45,"20200228"
